"player","team","position","height","weight","age","experience","salary","points3","points2","points1","total_rebounds","assists","blocks","turnovers"
"Bam Adebayo","MIA","C",81,255,24,4,28103550,0,406,256,564,190,44,148
"Caleb Martin","MIA","SF",77,205,26,2,527615,64,144,71,230,64,30,52
"Chris Silva","MIA","PF",80,234,25,2,383720,0,8,10,35,7,1,8
"Dewayne Dedmon","MIA","C",84,245,32,8,2389641,19,145,75,386,47,42,70
"Duncan Robinson","MIA","SG",79,215,27,3,15560000,232,58,51,203,129,14,60
"Gabe Vincent","MIA","PG",75,200,25,2,1669178,119,95,44,126,210,12,98
"Haywood Highsmith","MIA","SF",79,220,25,1,547701,9,7,2,26,6,3,3
"Javonte Smart","MIA","PG",76,205,22,0,0,4,4,0,5,2,1,2
"Jimmy Butler","MIA","SF",79,230,32,10,36016200,27,371,396,336,312,27,121
"Kyle Guy","MIA","SG",73,167,24,2,191860,14,12,8,17,17,1,13
"Kyle Lowry","MIA","PG",72,196,35,15,26984128,144,132,148,282,474,17,168
"Marcus Garrett","MIA","SG",77,205,23,0,0,1,4,2,23,7,3,2
"Markieff Morris","MIA","PF",81,245,32,10,2641691,13,41,8,45,23,1,20
"Max Strus","MIA","SF",77,215,25,2,1669178,181,68,42,202,92,16,57
"Mychal Mulder","MIA","PG",75,184,27,2,0,4,0,2,3,2,1,0
"Nik Stauskas","MIA","SG",78,205,28,5,111457,2,1,3,3,1,0,0
"Omer Yurtseven","MIA","C",84,264,23,0,1489065,1,129,38,294,49,20,41
"P.J. Tucker","MIA","PF",77,245,36,10,7e+06,80,127,45,387,149,15,66
"Tyler Herro","MIA","SG",77,195,22,2,4004280,175,326,190,329,263,8,174
"Udonis Haslem","MIA","C",80,235,41,18,2641691,1,13,3,25,4,1,5
"Victor Oladipo","MIA","SG",76,213,29,8,2389641,15,20,14,23,28,1,16
"Aaron Nesmith","BOS","SF",77,215,22,1,3631200,31,41,21,89,22,5,31
"Al Horford","BOS","C",81,240,35,14,2.7e+07,89,177,80,530,232,92,65
"Brodric Thomas","BOS","SG",77,185,25,1,0,2,6,3,10,11,1,6
"C.J. Miles","BOS","SG",78,220,34,15,151821,0,0,0,0,0,0,0
"Daniel Theis","BOS","C",80,245,29,4,8280351,10,57,22,98,21,14,15
"Derrick White","BOS","SG",76,190,27,4,15178571,34,60,64,88,92,16,32
"Grant Williams","BOS","PF",78,236,23,2,2617800,106,99,86,274,78,57,62
"Jabari Parker","BOS","PF",80,245,26,7,1168288,8,10,9,28,6,1,8
"Jaylen Brown","BOS","SF",78,223,25,5,24830357,166,410,241,404,231,18,178
"Jayson Tatum","BOS","SF",80,210,23,4,28103550,230,478,400,609,334,49,217
"Joe Johnson","BOS","SG",79,240,40,17,151821,0,1,0,0,0,0,0
"Justin Jackson","BOS","SF",80,220,26,4,102831,0,0,2,0,0,0,0
"Juwan Morgan","BOS","PF",79,232,24,2,115116,0,0,0,0,0,0,0
"Kelan Martin","BOS","SF",77,230,26,2,191860,0,0,0,2,0,0,0
"Luke Kornet","BOS","C",86,250,26,4,606702,0,12,2,25,8,2,0
"Malik Fitts","BOS","PF",80,230,24,1,402218,3,3,0,7,5,0,0
"Marcus Smart","BOS","PG",75,220,27,7,13839285,119,181,142,270,417,18,159
"Matt Ryan","BOS","SF",79,215,24,0,0,1,0,0,0,0,0,0
"Payton Pritchard","BOS","PG",73,195,24,1,2137440,101,59,21,134,139,6,41
"Robert Williams","BOS","C",81,237,24,3,3661976,0,271,65,588,121,134,63
"Sam Hauser","BOS","SF",80,215,24,0,313737,19,4,0,29,10,2,2
"Bobby Portis","MIL","C",82,250,26,6,4347600,133,284,85,657,86,51,90
"Brook Lopez","MIL","C",84,282,33,13,13302325,19,42,20,53,6,15,12
"DeAndre' Bembry","MIL","SF",77,210,27,5,601867,0,3,0,11,6,0,1
"DeMarcus Cousins","MIL","C",82,270,31,10,607285,13,42,31,98,18,8,16
"George Hill","MIL","PG",76,188,35,13,4e+06,41,77,57,155,120,6,41
"Georgios Kalaitzakis","MIL","SF",80,192,23,0,462629,2,3,4,8,0,1,4
"Giannis Antetokounmpo","MIL","PF",84,242,27,8,39344970,71,618,553,778,388,91,219
"Grayson Allen","MIL","SG",76,198,26,3,4054695,159,96,64,222,100,18,43
"Greg Monroe","MIL","C",83,265,31,9,138019,0,11,5,21,2,2,3
"Javin DeLaurier","MIL","C",82,237,23,0,53176,0,0,0,1,0,0,0
"Jeff Dowtin","MIL","PG",75,185,24,0,53176,0,0,0,0,0,0,0
"Jevon Carter","MIL","PG",73,200,26,3,457149,24,16,8,43,50,4,8
"Jordan Nwora","MIL","SF",80,225,23,1,1517981,79,107,36,221,59,17,57
"Jrue Holiday","MIL","PG",75,205,31,12,30133333,132,346,137,301,457,29,183
"Justin Robinson","MIL","PG",73,195,24,2,0,10,8,2,13,21,0,11
"Khris Middleton","MIL","SF",79,222,30,9,35500000,162,290,259,356,358,18,190
"Langston Galloway","MIL","SG",73,200,30,7,128709,0,1,0,10,7,0,1
"Lindell Wigginton","MIL","PG",74,189,23,0,0,9,17,19,25,23,1,12
"Pat Connaughton","MIL","SF",77,209,29,6,5333333,146,81,45,273,82,15,35
"Rayjon Tucker","MIL","SG",75,209,24,2,28779,3,2,2,4,6,0,1
"Sandro Mamukelashvili","MIL","PF",83,240,22,0,0,22,35,18,82,22,9,15
"Serge Ibaka","MIL","C",82,235,32,12,9720900,13,41,12,100,13,7,10
"Thanasis Antetokounmpo","MIL","SF",78,219,29,3,1729217,2,68,29,101,22,12,26
"Wesley Matthews","MIL","SG",76,220,35,12,1958501,53,34,22,92,36,8,18
"Aaron Henry","PHI","SF",78,210,22,0,0,0,1,0,1,0,2,2
"Braxton Key","PHI","SF",80,230,24,0,53176,0,1,0,2,1,0,2
"Charles Bassey","PHI","C",83,235,21,0,925258,0,30,9,62,7,17,8
"Danny Green","PHI","SF",78,215,34,12,1e+07,103,23,11,157,64,37,45
"DeAndre Jordan","PHI","C",83,265,33,13,592103,0,32,10,92,8,9,16
"Furkan Korkmaz","PHI","SG",79,202,24,4,4629630,77,105,68,175,127,9,48
"Georges Niang","PHI","PF",79,230,28,5,3300000,156,90,52,203,102,13,59
"Isaiah Joe","PHI","SG",76,165,22,1,1517981,45,17,29,56,35,3,19
"Jaden Springer","PHI","SG",76,204,19,0,2023680,0,1,0,2,0,2,1
"James Harden","PHI","PG",77,220,32,12,44310840,46,69,166,149,220,5,72
"Joel Embiid","PHI","C",84,280,27,5,31579390,93,573,654,796,284,99,214
"Matisse Thybulle","PHI","SG",77,201,24,2,2840160,45,105,34,151,75,71,39
"Myles Powell","PHI","PG",74,195,24,0,0,1,4,2,6,3,0,3
"Paul Millsap","PHI","C",79,257,36,15,2641691,2,11,5,25,5,2,8
"Paul Reed","PHI","C",81,210,22,1,1517981,2,52,6,92,16,14,10
"Shake Milton","PHI","SG",77,205,25,3,1846738,43,130,61,142,139,17,44
"Tobias Harris","PHI","PF",80,226,29,10,35995950,101,392,170,496,252,43,116
"Tyler Johnson","PHI","PG",75,186,29,7,128709,3,1,0,6,2,1,1
"Tyrese Maxey","PHI","PG",74,200,21,1,2602920,132,351,213,240,321,32,88
"Willie Cauley-Stein","PHI","C",84,240,28,6,120083,0,0,0,2,1,0,0
"Armoni Brooks","TOR","PG",75,195,23,1,421156,10,1,2,22,13,3,4
"Chris Boucher","TOR","SF",81,200,29,4,7020000,68,200,150,494,25,75,42
"D.J. Wilson","TOR","PF",82,231,25,4,308493,0,11,8,16,5,1,2
"Dalano Banton","TOR","PG",81,204,22,0,925258,13,70,26,124,99,10,53
"Daniel Oturu","TOR","C",80,240,22,1,85578,0,3,3,5,0,2,0
"David Johnson","TOR","SG",77,210,20,0,0,0,0,0,0,0,0,0
"Fred VanVleet","TOR","PG",73,197,27,5,19675926,242,200,194,289,434,35,170
"Isaac Bonga","TOR","SF",80,180,22,3,1729217,1,2,5,7,4,2,2
"Justin Champagnie","TOR","SF",78,200,20,0,0,10,21,9,72,11,4,8
"Khem Birch","TOR","C",81,233,29,4,6350000,0,97,53,239,56,26,29
"Malachi Flynn","TOR","PG",73,175,23,1,2048040,30,42,15,63,70,4,13
"OG Anunoby","TOR","SF",79,232,24,4,16071429,115,194,89,264,125,25,80
"Pascal Siakam","TOR","PF",81,230,27,5,33003936,75,521,284,580,360,42,181
"Precious Achiuwa","TOR","C",80,225,22,1,2711280,56,209,78,473,82,41,84
"Sam Dekker","TOR","PF",81,230,27,4,350000,0,0,0,0,0,0,0
"Scottie Barnes","TOR","PF",81,227,20,0,7280400,58,401,158,557,256,55,136
"Svi Mykhailiuk","TOR","SF",79,205,24,3,1729217,41,50,32,92,45,4,32
"Thaddeus Young","TOR","PF",80,235,33,14,14190000,17,50,13,115,45,11,22
"Tremont Waters","TOR","PG",70,175,24,2,95930,2,1,0,4,7,0,4
"Yuta Watanabe","TOR","SF",81,215,27,3,1762796,27,29,24,92,21,16,19
"Alex Caruso","CHI","SG",76,186,27,4,8604651,42,60,58,148,165,15,57
"Alfonzo McKinnie","CHI","SF",79,215,29,4,1293926,9,15,2,33,5,3,7
"Alize Johnson","CHI","PF",79,212,25,3,705598,0,12,4,36,8,0,8
"Ayo Dosunmu","CHI","SG",77,200,22,0,925258,70,208,53,214,256,29,108
"Coby White","CHI","PG",77,195,21,2,5837760,136,143,78,182,176,11,70
"DeMar DeRozan","CHI","PF",78,220,32,12,2.6e+07,50,724,520,392,374,24,181
"Devon Dotson","CHI","PG",74,185,22,1,0,2,9,5,9,15,0,5
"Javonte Green","CHI","SF",76,205,28,2,1669178,36,140,80,276,60,32,30
"Jordan Bell","CHI","C",80,216,27,4,102831,0,0,0,1,0,0,0
"Lonzo Ball","CHI","PG",78,190,24,4,18604651,110,52,21,190,178,31,82
"Mac McClung","CHI","PG",74,185,23,0,106352,0,1,0,0,0,0,1
"Malcolm Hill","CHI","SF",78,220,26,0,53176,10,9,7,29,7,2,3
"Marko Simonovic","CHI","C",83,216,22,0,925258,1,3,8,10,0,1,2
"Matt Thomas","CHI","SG",76,190,27,2,1669178,35,20,16,50,20,3,8
"Nikola VuÄeviÄ","CHI","C",82,260,31,10,2.4e+07,104,442,92,804,236,71,136
"Patrick Williams","CHI","PF",79,215,20,1,7422000,15,39,30,69,15,9,16
"Tony Bradley","CHI","C",82,248,24,4,1789256,0,72,19,186,27,33,34
"Tristan Thompson","CHI","PF",81,254,30,10,1e+06,0,52,26,109,14,7,12
"Tyler Cook","CHI","PF",80,255,24,2,0,0,23,21,53,3,4,7
"Zach LaVine","CHI","SG",77,200,26,7,19500000,185,380,320,308,303,23,171
"Andre Drummond","BRK","C",82,279,28,9,2401537,0,119,44,247,34,23,36
"Blake Griffin","BRK","C",81,250,32,11,2641691,38,95,55,228,105,14,31
"Bruce Brown","BRK","SF",76,202,25,3,4736102,38,218,97,345,148,52,56
"Cam Thomas","BRK","SG",76,210,20,0,2036280,47,171,87,161,78,8,55
"Day'Ron Sharpe","BRK","PF",83,265,20,0,2009040,2,84,24,160,17,15,30
"Goran DragiÄ","BRK","PG",75,190,35,13,728742,12,32,17,51,77,3,33
"James Johnson","BRK","PF",79,240,34,12,2641691,23,121,29,215,130,34,48
"Joe Harris","BRK","SF",78,220,30,7,17357143,41,15,5,56,14,2,16
"Kessler Edwards","BRK","SF",80,215,21,0,5318,48,62,16,172,31,24,42
"Kevin Durant","BRK","PF",82,240,33,13,40918900,115,463,372,407,351,52,191
"Kyrie Irving","BRK","PG",74,195,29,10,34916200,100,189,118,127,167,17,73
"LaMarcus Aldridge","BRK","C",83,250,36,15,2641691,14,238,89,258,42,47,44
"Nic Claxton","BRK","C",83,215,22,2,1782621,0,178,54,264,43,51,38
"Patty Mills","BRK","SG",73,180,33,12,5890000,227,97,48,156,183,17,73
"Seth Curry","BRK","SG",74,185,31,7,8207518,58,46,18,49,49,3,25
"Shaquille Harrison","BRK","SG",76,190,28,4,205662,0,2,0,4,3,1,2
"Wenyen Gabriel","BRK","PF",81,205,24,2,99380,0,0,0,1,0,0,0
"Brandon Goodwin","CLE","PG",72,180,26,3,99380,19,45,24,67,91,1,36
"Caris LeVert","CLE","SG",78,205,27,5,17500000,21,80,35,64,75,5,33
"Cedi Osman","CLE","SF",79,230,26,4,8133334,128,119,87,146,135,10,67
"Collin Sexton","CLE","SG",73,190,23,3,6349671,11,57,29,36,23,0,31
"Darius Garland","CLE","PG",73,192,22,2,7040880,174,368,215,224,583,7,248
"Dean Wade","CLE","PF",81,228,25,2,1782621,51,48,20,150,52,7,16
"Dylan Windler","CLE","SF",78,196,25,1,2239200,21,16,15,89,34,3,16
"Ed Davis","CLE","C",81,218,32,11,2641691,0,11,6,64,7,9,5
"Evan Mobley","CLE","PF",84,215,20,0,8075160,23,399,167,570,174,115,133
"Isaac Okoro","CLE","SF",77,225,21,1,6720720,55,152,119,201,121,22,58
"Jarrett Allen","CLE","C",83,243,23,4,2e+07,1,368,165,602,92,75,94
"Justin Anderson","CLE","SF",78,230,28,5,111457,2,2,3,6,6,0,2
"Kevin Love","CLE","C",80,251,33,13,31258256,187,140,166,536,160,18,98
"Kevin Pangos","CLE","PG",74,179,29,0,1669178,6,9,3,11,30,0,7
"Lamar Stevens","CLE","PF",78,230,24,1,1517981,18,138,53,164,44,18,41
"Lauri Markkanen","CLE","SF",84,240,24,4,15690909,136,177,138,345,81,30,54
"Malik Newman","CLE","PG",75,190,24,1,85578,0,3,2,1,1,0,1
"Moses Brown","CLE","C",86,245,22,2,211046,0,37,16,74,0,7,6
"Rajon Rondo","CLE","PG",73,180,35,15,2641691,23,22,18,59,103,1,34
"Tacko Fall","CLE","C",90,311,26,2,0,0,5,2,23,2,6,3
"Tim Frazier","CLE","PG",72,170,31,7,128709,0,1,0,0,1,0,2
"Tre Scott","CLE","SF",80,225,25,0,53176,0,3,0,2,0,1,0
"Bogdan BogdanoviÄ","ATL","SG",78,220,29,4,1.8e+07,169,173,97,250,194,14,70
"Cameron Oliver","ATL","SF",80,239,25,1,85578,1,9,2,6,3,1,0
"Cat Barber","ATL","PG",74,190,27,0,53176,0,0,0,3,3,0,1
"Clint Capela","ATL","C",82,240,27,7,17103448,0,370,80,877,92,93,44
"Danilo Gallinari","ATL","PF",82,233,33,12,20475000,112,147,141,308,101,12,38
"De'Andre Hunter","ATL","SF",80,225,24,2,7775400,74,180,127,176,68,21,69
"Delon Wright","ATL","SG",77,185,29,6,8526316,44,78,54,220,188,19,45
"Gorgui Dieng","ATL","C",82,252,32,8,4e+06,29,24,19,121,34,13,20
"Jalen Johnson","ATL","PF",81,220,20,0,2659560,3,19,5,26,3,2,9
"John Collins","ATL","PF",81,235,24,4,2.3e+07,64,275,134,422,98,56,60
"Kevin Huerter","ATL","SF",79,190,23,3,4253357,160,185,42,254,203,26,91
"Kevin Knox","ATL","SF",79,215,22,3,5845978,5,11,9,22,7,1,2
"Lance Stephenson","ATL","SG",78,230,31,9,138019,0,5,1,15,11,0,4
"Lou Williams","ATL","PG",73,175,35,16,5e+06,37,88,67,87,105,3,43
"Onyeka Okongwu","ATL","C",80,235,21,1,6104280,0,156,80,283,53,60,44
"Sharife Cooper","ATL","PG",73,180,20,0,0,1,2,0,5,5,0,5
"Skylar Mays","ATL","SG",76,205,24,1,34231,8,24,8,25,17,0,10
"TimothÃ© Luwawu-Cabarrot","ATL","SF",79,220,26,5,1939350,44,30,35,82,40,6,20
"Trae Young","ATL","PG",73,164,23,3,8326471,233,478,500,284,737,7,303
"Wes Iwundu","ATL","SF",78,195,27,4,102831,3,5,3,13,0,0,1
"Arnoldas Kulboka","CHO","SF",81,198,24,0,0,0,0,0,0,0,0,0
"Cody Martin","CHO","SF",77,205,26,2,1782621,61,143,75,285,179,32,61
"Gordon Hayward","CHO","SF",79,225,31,11,29925000,86,197,126,224,177,22,81
"Isaiah Thomas","CHO","PG",69,185,32,10,552077,23,29,14,21,24,3,10
"Jalen McDaniels","CHO","SF",81,205,24,2,1782621,41,82,53,170,58,22,36
"James Bouknight","CHO","SG",77,190,21,0,4154400,17,32,27,52,26,1,15
"JT Thor","CHO","PF",82,205,19,0,1250000,7,17,12,43,19,11,10
"Kai Jones","CHO","C",83,218,21,0,2770560,1,8,3,11,4,2,6
"LaMelo Ball","CHO","PG",79,180,20,1,8231760,220,318,212,501,571,30,245
"Mason Plumlee","CHO","C",83,254,31,8,8137500,0,205,67,565,226,52,100
"Miles Bridges","CHO","PF",78,225,23,3,5421493,154,442,267,559,300,67,150
"Montrezl Harrell","CHO","C",79,240,28,6,9720900,0,111,63,122,49,12,22
"Nick Richards","CHO","C",84,245,24,1,1517981,0,60,30,86,13,21,24
"P.J. Washington","CHO","C",79,230,23,2,4215120,110,140,58,337,147,61,82
"Scottie Lewis","CHO","SG",77,189,21,0,0,0,0,1,0,1,0,0
"Terry Rozier","CHO","SG",73,190,27,6,17905263,222,296,150,315,326,25,96
"Alec Burks","NYK","SG",78,214,30,10,9536000,157,128,217,397,239,26,91
"Cam Reddish","NYK","SF",80,218,22,2,4670160,8,19,29,21,10,4,13
"Damyean Dotson","NYK","SG",77,210,27,4,205662,0,2,0,2,1,0,0
"Derrick Rose","NYK","PG",75,200,33,12,13445120,37,85,30,78,103,12,39
"Evan Fournier","NYK","SG",79,205,29,9,17142857,241,161,80,210,171,20,105
"Feron Hunt","NYK","SF",80,195,22,0,0,0,0,0,1,1,0,1
"Immanuel Quickley","NYK","PG",75,190,22,1,2210640,137,147,177,247,275,3,99
"Jericho Sims","NYK","PF",82,245,23,0,0,0,39,12,169,21,22,20
"Julius Randle","NYK","PF",80,250,27,7,19800000,120,392,303,716,370,39,245
"Kemba Walker","NYK","PG",72,184,31,10,8729020,73,76,60,111,131,7,48
"Matt Mooney","NYK","SG",75,199,24,1,171156,0,0,0,0,0,0,1
"Miles McBride","NYK","PG",74,200,21,0,925258,17,15,8,42,41,1,5
"Mitchell Robinson","NYK","C",84,240,23,3,1802057,0,261,88,617,38,133,60
"Nerlens Noel","NYK","C",83,220,27,7,8800000,0,32,21,141,23,31,20
"Obi Toppin","NYK","PF",81,220,23,1,5105160,52,199,94,268,77,33,56
"Quentin Grimes","NYK","SG",77,205,21,0,2168760,72,23,13,94,44,11,28
"RJ Barrett","NYK","SF",78,214,21,2,8623920,138,349,290,408,208,16,151
"Ryan Arcidiacono","NYK","PG",75,195,27,4,791798,4,2,0,8,4,0,3
"Taj Gibson","NYK","C",81,232,36,12,4910000,15,71,42,229,32,40,27
"Tyler Hall","NYK","SG",77,209,24,0,53176,0,0,0,0,0,0,0
"Wayne Selden","NYK","SG",77,230,27,3,785102,1,0,2,1,1,0,0
"Anthony Gill","WAS","PF",79,230,29,1,1517981,14,48,42,85,27,11,18
"Brad Wanamaker","WAS","PG",75,210,32,3,99380,0,2,3,4,7,0,0
"Bradley Beal","WAS","SG",76,207,28,9,33724200,63,285,169,189,265,15,135
"Cassius Winston","WAS","PG",73,185,23,1,0,2,2,4,1,7,0,3
"Corey Kispert","WAS","SF",79,220,22,0,3383640,112,122,54,209,85,22,50
"Craig Sword","WAS","SG",75,196,28,0,53176,0,3,0,0,1,0,1
"Daniel Gafford","WAS","C",82,234,23,2,1782621,0,285,107,407,68,99,65
"Deni Avdija","WAS","SF",81,210,21,1,4692840,82,168,103,425,167,44,87
"Isaiah Todd","WAS","PF",82,220,20,0,1500000,4,3,2,12,4,2,4
"Ish Smith","WAS","PG",72,175,33,11,4500000,15,97,3,83,146,13,42
"Jaime Echenique","WAS","C",83,258,24,0,53176,0,0,0,0,0,0,0
"Joel Ayayi","WAS","SG",77,180,21,0,0,0,1,0,3,4,0,0
"Jordan Goodwin","WAS","SG",75,200,23,0,53176,0,0,0,1,0,0,0
"Jordan Schakel","WAS","SG",78,200,23,0,53176,1,0,2,8,0,0,1
"Kentavious Caldwell-Pope","WAS","SG",77,204,28,8,13038862,159,202,137,261,145,26,97
"Kristaps PorziÅÄ£is","WAS","PF",87,240,26,5,31650600,29,94,101,150,50,25,28
"Kyle Kuzma","WAS","PF",81,221,26,4,1.3e+07,128,295,156,561,233,57,169
"Raul Neto","WAS","PG",73,180,29,6,2089448,35,169,83,134,217,3,79
"Rui Hachimura","WAS","PF",80,230,23,2,4916160,55,132,46,160,48,9,33
"Thomas Bryant","WAS","C",82,248,24,4,8666667,12,65,35,108,23,21,19
"TomÃ¡Å¡ SatoranskÃ½","WAS","PG",79,210,30,5,468119,6,34,21,61,108,4,23
"Ahmad Caver","IND","SG",74,175,25,0,53176,0,1,0,0,0,0,0
"Buddy Hield","IND","SG",76,220,29,5,22477273,80,101,31,132,124,10,63
"Chris Duarte","IND","SG",78,190,24,0,3749520,94,174,90,226,114,10,90
"DeJon Jarreau","IND","SG",77,185,24,0,0,0,0,0,0,0,0,0
"Gabe York","IND","SG",75,185,28,0,0,1,1,3,2,4,1,1
"Goga Bitadze","IND","C",83,250,22,2,3098400,23,108,64,177,55,42,46
"Isaiah Jackson","IND","C",82,206,20,0,2451120,5,111,60,149,10,52,40
"Jalen Smith","IND","PF",82,215,21,1,4458000,31,82,38,168,18,23,20
"Keifer Sykes","IND","PG",72,180,28,0,558345,27,42,15,45,62,4,33
"Malcolm Brogdon","IND","PG",77,229,29,5,21700000,58,185,143,185,212,14,77
"Myles Turner","IND","C",83,250,25,6,17500000,61,139,79,297,44,118,54
"Nate Hinton","IND","SG",77,210,22,1,85578,0,0,0,0,0,0,1
"Oshae Brissett","IND","SF",79,210,23,2,1701593,83,125,114,358,72,29,54
"Reggie Perry","IND","PF",80,250,21,1,85578,0,1,0,1,0,0,0
"T.J. McConnell","IND","PG",73,190,29,6,7500000,10,90,19,90,131,10,29
"Terry Taylor","IND","PF",77,230,22,0,6e+05,12,123,36,172,41,8,23
"Tyrese Haliburton","IND","PG",77,185,21,1,4023600,57,105,73,112,249,15,84
"Cade Cunningham","DET","SG",78,220,20,0,10050120,114,315,142,354,356,43,234
"Carsen Edwards","DET","SG",71,200,23,2,76744,4,5,1,6,14,0,5
"Cassius Stanley","DET","SG",77,190,22,1,256734,4,15,10,19,4,2,6
"Cheick Diallo","DET","C",80,219,25,4,102831,0,3,5,12,0,0,1
"Cory Joseph","DET","PG",75,200,30,10,7310000,65,113,100,174,237,17,85
"Deividas Sirvydis","DET","SG",80,190,21,1,1603559,1,0,0,6,1,1,0
"Derrick Walton","DET","PG",72,189,26,2,95930,3,3,4,10,21,4,11
"Frank Jackson","DET","PG",75,205,23,3,3e+06,86,108,86,87,55,9,38
"Hamidou Diallo","DET","SG",77,202,23,3,5200000,23,238,91,277,73,17,58
"Isaiah Livers","DET","SF",79,230,23,0,1057260,27,14,12,57,21,7,15
"Isaiah Stewart","DET","C",80,250,20,1,3277080,15,235,74,617,82,78,85
"Jamorko Pickett","DET","PF",81,206,24,0,0,13,5,1,32,7,7,5
"Jaysean Paige","DET","PG",75,205,27,0,53176,0,0,0,1,1,0,1
"Jerami Grant","DET","PF",80,210,27,7,20002500,91,207,217,191,111,49,85
"Kelly Olynyk","DET","C",83,240,30,8,12195122,40,88,69,177,111,19,58
"Killian Hayes","DET","PG",77,195,20,1,5572680,44,132,57,210,277,35,111
"Luka Garza","DET","C",83,235,23,0,925258,16,50,38,100,20,6,18
"Micah Potter","DET","C",82,248,23,0,53176,0,5,2,9,0,1,1
"Rodney McGruder","DET","SG",76,205,30,5,1939350,58,40,19,111,48,7,24
"Saben Lee","DET","PG",74,183,22,1,1489065,14,55,56,87,107,12,36
"Saddiq Bey","DET","SF",79,215,22,1,2824320,211,239,210,441,233,16,96
"Trayvon Palmer","DET","SG",78,200,27,0,53176,0,0,0,2,0,0,1
"Admiral Schofield","ORL","SF",77,241,24,1,171156,26,28,12,89,25,5,21
"Aleem Ford","ORL","SF",80,220,24,0,53176,2,4,0,15,2,0,4
"B.J. Johnson","ORL","SF",79,200,26,2,95930,4,7,0,15,0,1,0
"Chuma Okeke","ORL","PF",78,229,23,1,3277080,118,98,55,347,118,42,57
"Cole Anthony","ORL","PG",74,185,21,1,3449400,132,225,216,348,369,17,170
"Devin Cannady","ORL","PG",74,183,25,1,185578,15,0,5,6,10,3,5
"Franz Wagner","ORL","SF",81,225,20,0,5007840,96,360,189,356,231,34,119
"Freddie Gillespie","ORL","PF",81,245,24,1,171156,0,9,3,36,5,9,5
"Gary Harris","ORL","SG",76,210,27,7,20482143,116,124,83,122,108,9,61
"Hassani Gravett","ORL","PG",74,188,25,0,106352,11,7,3,21,20,1,9
"Ignas Brazdeikis","ORL","SF",78,221,23,2,0,27,54,21,72,37,3,17
"Jalen Suggs","ORL","PG",76,205,20,0,6592920,42,156,126,171,209,19,143
"Markelle Fultz","ORL","PG",75,209,23,4,16500000,4,79,25,49,99,5,40
"Moritz Wagner","ORL","C",83,245,24,3,1729217,66,131,104,232,87,13,56
"R.J. Hampton","ORL","SG",76,175,20,1,2303040,64,111,75,194,158,13,87
"Robin Lopez","ORL","C",84,281,33,13,5e+06,2,108,32,126,54,18,44
"Terrence Ross","ORL","SG",78,206,30,9,12500000,77,143,112,161,116,12,75
"Aaron Holiday","PHO","PG",72,185,25,3,3980551,16,35,31,55,75,0,28
"Abdel Nader","PHO","SF",77,225,28,4,2e+06,4,8,6,27,7,4,11
"Bismack Biyombo","PHO","C",80,255,29,10,1518213,0,86,38,167,23,26,25
"Cameron Johnson","PHO","PF",80,210,25,2,4437000,166,113,98,273,99,16,47
"Cameron Payne","PHO","PG",73,183,27,6,6500000,71,169,75,175,282,17,103
"Chandler Hutchison","PHO","SF",78,210,25,3,0,0,1,2,5,2,0,4
"Chris Paul","PHO","PG",72,175,36,16,30800000,63,300,169,283,702,20,153
"Deandre Ayton","PHO","C",83,250,23,3,12632950,7,435,106,593,84,40,91
"Devin Booker","PHO","SG",77,206,25,6,31650600,183,479,315,342,329,26,162
"Elfrid Payton","PHO","PG",75,195,27,7,2239544,4,63,12,88,99,6,47
"Emanuel Terry","PHO","PF",81,220,25,1,85578,0,0,0,15,2,0,5
"Frank Kaminsky","PHO","C",84,240,28,6,2089448,5,31,18,41,13,7,5
"Gabriel Lundberg","PHO","SG",76,203,27,0,0,3,2,0,7,11,0,3
"Ish Wainright","PHO","PF",78,250,27,0,8558,19,22,7,54,15,6,13
"Jae Crowder","PHO","PF",78,235,31,9,9720900,127,90,71,354,124,30,55
"JaVale McGee","PHO","C",84,270,34,13,5e+06,2,286,102,496,42,81,98
"Landry Shamet","PHO","SG",76,190,24,3,3768342,123,68,68,126,108,9,41
"M.J. Walker","PHO","SG",77,213,23,0,53176,0,0,0,1,1,0,0
"Mikal Bridges","PHO","SF",78,209,25,3,5557725,115,343,131,347,185,36,68
"Paris Bass","PHO","SF",80,200,26,0,106352,0,2,2,4,0,0,2
"Torrey Craig","PHO","SF",79,221,31,4,4878049,31,41,12,115,33,17,28
"Brandon Clarke","MEM","PF",80,215,25,2,2726880,5,283,85,342,86,68,34
"Dakota Mathias","MEM","SG",76,200,26,1,106352,2,0,0,2,1,0,0
"DaQuan Jeffries","MEM","SG",77,230,24,2,95930,0,1,0,2,1,0,0
"De'Anthony Melton","MEM","SG",74,200,23,3,8805976,139,142,90,328,194,39,112
"Desmond Bane","MEM","SG",77,215,23,1,2033160,228,280,140,334,208,29,111
"Dillon Brooks","MEM","SF",79,225,26,4,12200000,46,181,90,102,88,8,50
"Ja Morant","MEM","PG",75,174,22,2,9603360,88,492,316,325,384,22,196
"Jarrett Culver","MEM","SG",78,195,22,2,6395160,12,39,16,48,33,5,20
"John Konchar","MEM","SG",77,210,25,2,2200000,52,83,27,329,109,22,29
"Jon Teske","MEM","C",85,265,24,0,53176,0,0,0,2,1,0,0
"Killian Tillie","MEM","C",81,220,23,1,1901625,27,16,5,60,22,15,13
"Kyle Anderson","MEM","PF",81,230,28,7,9937150,36,173,67,368,183,45,71
"Sam Merrill","MEM","SG",76,205,25,1,1517981,7,1,2,7,4,0,2
"Santi Aldama","MEM","PF",83,224,21,0,1994520,6,47,20,87,21,10,16
"Shaq Buchanan","MEM","SG",75,190,25,0,53176,0,1,0,2,2,0,2
"Steven Adams","MEM","C",83,265,28,8,17073171,0,210,108,760,256,60,115
"Tyrell Terry","MEM","PG",74,160,21,1,85578,0,1,0,0,0,0,0
"Tyus Jones","MEM","PG",72,196,25,6,7600000,80,169,54,176,324,2,46
"Xavier Sneed","MEM","SF",77,215,24,0,53176,0,0,0,2,0,0,0
"Yves Pons","MEM","SF",78,215,22,0,0,3,2,0,12,1,4,1
"Ziaire Williams","MEM","SF",80,215,20,0,4373160,76,115,43,129,65,12,41
"Andre Iguodala","GSW","SF",78,215,38,17,2641691,17,29,15,100,114,22,28
"Andrew Wiggins","GSW","SF",79,197,26,7,31579390,157,318,149,325,161,51,111
"Chris Chiozza","GSW","PG",71,175,26,3,0,17,7,2,36,65,0,32
"Damion Lee","GSW","SG",77,210,29,4,1910860,63,106,66,203,63,6,38
"Draymond Green","GSW","PF",78,230,31,9,24026712,16,119,60,336,320,50,139
"Jonathan Kuminga","GSW","SF",80,210,19,0,5466360,50,186,130,234,64,22,74
"Jordan Poole","GSW","SG",76,194,22,2,2161440,211,263,246,260,304,23,187
"Juan Toscano-Anderson","GSW","SF",78,209,28,2,1701593,28,87,40,176,127,17,68
"Kevon Looney","GSW","C",81,222,25,6,5178572,0,208,75,596,165,52,67
"Klay Thompson","GSW","SG",78,215,31,8,37980720,114,132,46,125,88,17,43
"Moses Moody","GSW","SG",78,205,19,0,3562080,40,40,28,80,23,10,13
"Nemanja Bjelica","GSW","C",82,234,33,6,2089448,54,106,59,294,159,26,87
"Quinndary Weatherspoon","GSW","SG",75,205,25,2,95930,1,11,5,14,5,1,3
"Stephen Curry","GSW","PG",74,185,33,12,45780966,285,250,275,335,404,23,206
"Boban MarjanoviÄ","DAL","C",87,290,33,6,3500000,1,41,13,39,3,3,15
"Brandon Knight","DAL","PG",74,182,30,8,276038,4,6,8,8,8,0,4
"Carlik Jones","DAL","PG",73,185,24,0,53176,0,0,2,3,5,0,3
"DÄvis BertÄns","DAL","PF",82,225,29,5,1.6e+07,31,8,8,56,15,6,5
"Dorian Finney-Smith","DAL","PF",79,220,28,5,4e+06,172,154,56,375,150,39,80
"Dwight Powell","DAL","C",82,240,30,7,11080125,13,256,166,404,97,39,64
"Eugene Omoruyi","DAL","SF",79,244,24,0,0,1,1,2,7,2,0,0
"Frank Ntilikina","DAL","SG",76,200,23,4,1789256,38,51,24,79,69,7,31
"George King","DAL","SF",78,225,28,1,85578,0,0,1,5,0,0,1
"Jalen Brunson","DAL","SG",73,190,25,3,1802057,94,412,179,309,377,3,124
"JaQuori McLaughlin","DAL","PG",76,190,24,0,0,0,0,0,0,2,0,0
"Josh Green","DAL","SG",77,200,21,1,2957520,28,102,31,161,79,14,44
"Luka DonÄiÄ","DAL","PG",79,230,22,3,10174391,201,440,364,593,568,36,292
"Marquese Chriss","DAL","PF",81,240,24,5,1292900,8,54,22,103,17,12,17
"Maxi Kleber","DAL","PF",82,240,30,4,8750000,83,58,46,350,68,58,47
"Moses Wright","DAL","PF",81,233,23,0,0,0,1,3,3,1,1,0
"Reggie Bullock","DAL","SF",78,205,30,8,9536000,141,60,40,241,83,14,40
"Spencer Dinwiddie","DAL","PG",77,215,28,7,17142857,42,79,79,72,90,6,31
"Sterling Brown","DAL","SG",77,219,26,4,3e+06,28,31,14,149,34,7,23
"Theo Pinson","DAL","SF",77,212,26,3,197076,10,4,10,21,17,2,5
"Trey Burke","DAL","PG",72,185,29,8,3150000,26,58,20,33,57,0,26
"Bojan BogdanoviÄ","UTA","PF",79,226,32,7,18502000,181,241,223,296,120,1,118
"Denzel Valentine","UTA","SG",76,220,28,4,111457,1,1,0,4,0,0,2
"Donovan Mitchell","UTA","SG",73,215,25,4,28103500,232,385,267,282,358,12,200
"Eric Paschall","UTA","PF",78,255,25,2,1782621,40,74,66,106,36,5,27
"Hassan Whiteside","UTA","C",84,265,32,9,2401537,0,215,104,494,26,103,53
"Jared Butler","UTA","SG",75,195,21,0,925258,28,33,11,45,63,8,33
"Jordan Clarkson","UTA","SG",76,194,29,7,12420000,190,276,144,273,194,16,129
"Juancho HernangÃ³mez","UTA","PF",81,214,26,5,6175440,21,16,10,60,14,7,8
"Mike Conley","UTA","PG",73,175,34,14,2.1e+07,169,175,129,217,385,21,123
"Nickeil Alexander-Walker","UTA","SG",78,205,23,2,3261480,10,6,11,23,17,4,8
"Norvel Pelle","UTA","C",82,231,28,2,95930,0,3,0,6,0,1,2
"Royce O'Neale","UTA","SF",76,226,28,4,8800000,119,84,45,368,191,32,79
"Rudy Gay","UTA","PF",80,250,35,15,5890000,70,87,62,242,56,19,47
"Rudy Gobert","UTA","C",85,258,29,8,35344828,0,362,303,968,72,137,119
"Trent Forrest","UTA","PG",76,210,23,1,8558,5,71,38,99,106,6,48
"Udoka Azubuike","UTA","C",82,280,22,1,2075880,0,37,6,71,0,11,12
"Zylan Cheatham","UTA","SF",77,220,26,1,89057,0,0,0,0,0,0,0
"Aaron Gordon","DEN","PF",80,235,26,7,16409091,87,347,171,439,188,44,133
"Austin Rivers","DEN","SG",76,200,29,9,2401537,79,67,32,114,90,6,54
"Bones Hyland","DEN","SG",75,173,21,0,2096880,131,99,107,188,191,20,86
"Bryn Forbes","DEN","SG",74,205,28,5,4500000,59,44,35,30,34,2,23
"Davon Reed","DEN","SG",77,208,26,2,286164,37,44,10,108,53,9,16
"Facundo Campazzo","DEN","PG",70,195,30,1,2975000,58,49,60,117,220,23,67
"JaMychal Green","DEN","PF",80,227,31,7,8200000,33,126,81,281,59,26,57
"Jeff Green","DEN","PF",80,235,35,13,4500000,53,224,165,231,96,27,71
"Markus Howard","DEN","SG",70,175,22,1,0,28,11,20,12,7,0,7
"Monte Morris","DEN","PG",74,183,26,4,8849071,124,250,73,226,333,14,78
"Nikola JokiÄ","DEN","C",83,284,26,6,30510423,97,667,379,1019,584,63,281
"Petr Cornelie","DEN","PF",83,220,26,0,0,1,4,3,14,3,1,4
"Vlatko ÄanÄar","DEN","PF",80,236,24,2,1782621,7,16,9,31,17,3,9
"Will Barton","DEN","SG",78,181,31,9,15625000,157,235,102,340,276,31,127
"Zeke Nnaji","DEN","PF",81,240,21,1,2498760,37,59,41,147,17,13,23
"Anthony Edwards","MIN","SG",76,225,20,1,10245480,215,334,220,343,275,46,190
"D'Angelo Russell","MIN","PG",76,193,25,6,30013500,176,225,198,216,460,22,165
"Jaden McDaniels","MIN","PF",81,185,21,1,2063280,80,175,57,293,79,54,75
"Jake Layman","MIN","SF",80,209,27,5,3940184,8,22,13,36,9,5,10
"Jarred Vanderbilt","MIN","PF",81,214,22,3,4e+06,2,210,86,624,94,46,73
"Jaylen Nowell","MIN","SG",76,201,22,2,1782621,63,133,72,123,130,10,36
"Jordan McLaughlin","MIN","PG",71,185,25,2,2e+06,27,61,30,94,180,10,38
"Josh Okogie","MIN","SG",76,213,23,3,4087904,14,28,35,70,25,12,23
"Karl-Anthony Towns","MIN","C",83,248,26,6,31650600,150,492,384,727,269,83,226
"Leandro Bolmaro","MIN","SF",78,200,21,0,2353320,5,12,11,43,21,0,13
"Malik Beasley","MIN","SG",76,187,25,5,14391964,240,92,49,227,116,12,43
"Nathan Knight","MIN","PF",82,253,24,1,0,4,41,44,85,22,8,18
"Naz Reid","MIN","C",81,264,22,2,1782621,57,176,114,301,71,71,82
"Patrick Beverley","MIN","PG",73,180,33,9,14320988,83,94,96,240,268,52,73
"Taurean Prince","MIN","PF",79,218,27,5,1.3e+07,86,91,62,174,68,23,53
"Amir Coffey","LAC","SG",79,210,24,2,153488,96,115,101,197,124,15,45
"Isaiah Hartenstein","LAC","C",84,250,23,3,1729217,14,215,91,332,160,77,84
"Ivica Zubac","LAC","C",84,240,24,5,7518518,0,310,165,644,120,77,114
"Jay Scrubb","LAC","SG",77,220,21,1,0,6,12,7,16,8,3,7
"Luke Kennard","LAC","SG",77,206,25,4,12727273,190,97,69,229,146,6,60
"Marcus Morris","LAC","PF",80,218,32,10,15627907,101,199,129,239,113,18,69
"Nicolas Batum","LAC","PF",80,230,33,13,3170029,108,71,25,254,100,42,40
"Norman Powell","LAC","SG",75,215,28,6,15517242,13,19,30,14,14,4,7
"Paul George","LAC","PF",80,220,31,11,39344970,91,177,127,213,176,13,126
"Reggie Jackson","LAC","SG",74,208,31,10,10384500,167,312,138,271,359,15,173
"Robert Covington","LAC","PF",79,209,31,8,12975471,49,32,28,117,24,28,17
"Rodney Hood","LAC","SF",80,208,29,7,2239544,6,6,4,10,8,2,4
"Semi Ojeleye","LAC","PF",78,240,27,4,1789256,4,8,13,16,4,1,4
"Terance Mann","LAC","SF",77,215,25,2,1782621,76,258,128,425,209,21,84
"Xavier Moon","LAC","SG",74,165,27,0,159528,5,20,3,14,24,3,6
"Brandon Ingram","NOP","SF",80,190,24,5,29467800,74,379,266,320,307,26,151
"CJ McCollum","NOP","SG",75,190,30,8,30864198,71,175,68,116,152,1,57
"Devonte' Graham","NOP","PG",73,195,26,3,1.1e+07,192,104,118,177,316,12,105
"Garrett Temple","NOP","SG",77,195,35,11,4910000,59,52,28,143,74,23,42
"Gary Clark","NOP","PF",78,225,27,3,377645,28,5,7,90,18,7,10
"Herbert Jones","NOP","PF",80,210,23,0,1700000,57,217,137,296,167,60,100
"Jared Harper","NOP","PG",70,175,24,2,95930,5,9,4,2,14,1,2
"Jaxson Hayes","NOP","C",83,220,21,2,5348280,20,225,144,315,43,55,54
"Jonas ValanÄiÅ«nas","NOP","C",83,265,29,9,1.4e+07,57,453,237,843,190,60,179
"Jose Alvarado","NOP","PG",72,179,23,0,1500000,32,99,36,100,152,7,40
"Naji Marshall","NOP","SF",79,220,24,1,1517981,21,88,74,142,62,8,46
"Tony Snell","NOP","SG",78,213,30,8,2389641,21,12,1,31,8,2,8
"Tyrone Wallace","NOP","SG",77,198,27,3,191860,2,5,1,8,1,1,2
"Willy HernangÃ³mez","NOP","C",83,250,27,5,2327220,4,166,109,338,63,19,51
"Anthony Lamb","SAS","SF",78,227,24,1,85578,0,0,0,1,2,0,0
"Dejounte Murray","SAS","PG",76,180,25,4,15428880,96,477,196,563,627,23,180
"Devin Vassell","SAS","SF",77,200,21,1,4235160,137,189,83,306,136,41,58
"Devontae Cacok","SAS","PF",79,240,25,2,364533,0,21,4,42,6,7,3
"Doug McDermott","SAS","PF",79,225,30,7,13750000,108,107,40,115,64,6,43
"Jakob Poeltl","SAS","C",85,245,26,5,8750000,1,409,94,634,189,118,109
"Jaylen Morris","SAS","SG",77,185,26,2,95930,0,0,2,2,2,0,1
"Jock Landale","SAS","C",83,256,26,0,925258,29,72,34,138,45,14,31
"Joe Wieskamp","SAS","SG",78,212,22,0,202068,14,6,7,14,9,3,2
"Josh Richardson","SAS","SG",77,200,28,6,11615328,40,42,35,60,49,6,27
"Joshua Primo","SAS","SF",78,190,19,0,3946800,42,59,44,113,81,23,57
"Keita Bates-Diop","SAS","SF",80,229,26,3,1729217,17,119,46,231,41,14,45
"Keldon Johnson","SAS","SF",77,220,22,2,2145720,159,312,177,457,158,14,92
"Romeo Langford","SAS","SG",76,216,22,2,3804360,0,4,3,4,2,0,0
"Tre Jones","SAS","PG",73,185,22,1,1517981,10,156,71,155,233,7,46
"Zach Collins","SAS","C",83,250,24,3,7e+06,14,62,52,153,61,23,45
"Anthony Davis","LAL","C",82,253,28,9,35361360,13,357,174,394,122,90,82
"Austin Reaves","LAL","SG",77,206,23,0,925258,53,93,99,193,110,20,40
"Avery Bradley","LAL","SG",75,180,31,11,2641691,82,66,16,136,47,9,38
"Carmelo Anthony","LAL","PF",79,238,37,18,2641691,149,170,132,288,68,52,59
"D.J. Augustin","LAL","PG",71,183,34,13,622467,29,10,5,27,33,1,11
"Darren Collison","LAL","PG",72,175,34,10,151821,0,2,0,4,2,0,1
"Dwight Howard","LAL","C",82,265,36,17,2641691,8,126,96,356,35,36,47
"Jay Huff","LAL","C",85,240,23,0,0,0,0,0,4,1,1,1
"Jemerrio Jones","LAL","SF",77,174,26,1,85578,0,2,0,3,0,0,0
"Kent Bazemore","LAL","SF",76,195,32,9,2401537,29,16,13,69,34,9,21
"LeBron James","LAL","C",81,250,37,18,41180544,161,479,254,459,349,59,196
"Malik Monk","LAL","SG",75,200,23,4,1789256,173,218,93,256,218,29,122
"Mason Jones","LAL","SG",76,200,23,1,0,1,6,12,10,4,0,1
"Russell Westbrook","LAL","PG",75,200,33,13,44211146,79,469,266,580,550,20,295
"Sekou Doumbouya","LAL","PF",80,230,21,2,0,1,4,3,6,0,2,2
"Stanley Johnson","LAL","PF",78,242,25,6,1248865,33,84,53,155,80,14,35
"Talen Horton-Tucker","LAL","SG",76,234,21,2,9500000,49,175,100,193,159,29,82
"Trevor Ariza","LAL","SF",80,215,36,17,2641691,20,13,10,82,27,6,11
"Wayne Ellington","LAL","SG",76,207,34,12,2641691,82,16,9,77,30,5,19
"Ade Murkey","SAC","SG",77,200,24,0,53176,0,0,0,0,0,0,0
"Alex Len","SAC","C",84,250,28,8,3732000,6,88,41,161,45,25,43
"Chimezie Metu","SAC","C",81,225,24,3,1762796,57,146,71,335,60,32,61
"Damian Jones","SAC","C",83,245,26,5,1977011,10,165,94,246,69,47,59
"Davion Mitchell","SAC","PG",74,205,23,0,4603200,101,251,56,166,313,24,114
"De'Aaron Fox","SAC","PG",75,185,24,4,28103500,74,442,261,231,330,25,168
"Domantas Sabonis","SAC","PF",83,240,25,5,18500000,4,108,55,185,87,5,52
"Donte DiVincenzo","SAC","SG",76,203,25,3,4675830,53,26,47,110,89,5,44
"Emmanuel Mudiay","SAC","PG",75,200,25,5,111457,0,0,3,0,4,0,1
"Harrison Barnes","SAC","PF",80,225,29,9,20284091,142,249,341,432,186,14,118
"Jahmi'us Ramsey","SAC","SG",75,190,20,1,1517981,5,19,7,13,7,1,5
"Jeremy Lamb","SAC","SG",77,180,29,9,10500000,16,32,22,60,30,8,13
"Josh Jackson","SAC","SF",80,207,24,4,5005350,3,14,15,18,5,4,9
"Justin Holiday","SAC","SG",78,180,32,8,6006420,50,21,16,55,38,15,21
"Louis King","SAC","SF",79,205,22,2,0,8,7,7,12,9,1,0
"Maurice Harkless","SAC","SF",79,220,28,9,4347600,31,52,20,112,23,24,31
"Neemias Queta","SAC","C",84,245,22,0,0,0,17,11,31,6,8,6
"Richaun Holmes","SAC","C",82,235,28,6,10384500,2,196,70,317,48,41,56
"Terence Davis","SAC","SG",76,201,24,2,4e+06,49,64,36,94,40,11,33
"Trey Lyles","SAC","PF",81,234,26,6,2500000,23,64,57,135,30,6,19
"Anfernee Simons","POR","SG",75,181,22,3,3938818,179,174,103,151,221,6,115
"Ben McLemore","POR","SG",75,195,28,8,2389641,151,65,72,103,59,10,55
"Brandon Williams","POR","PG",74,190,22,0,53176,31,74,68,74,94,10,58
"Cameron McGriff","POR","SF",79,230,24,0,53176,2,3,2,15,3,1,0
"CJ Elleby","POR","SF",78,200,21,1,1517981,37,84,60,227,87,19,56
"Cody Zeller","POR","C",83,240,29,8,2389641,0,51,38,125,22,6,19
"Damian Lillard","POR","PG",74,195,31,9,39344900,92,130,159,120,212,11,83
"Drew Eubanks","POR","C",81,245,24,3,477024,4,133,40,186,35,10,35
"Elijah Hughes","POR","SG",77,215,23,1,1517981,15,17,4,41,16,7,10
"Jarron Cumberland","POR","SG",77,205,24,0,53176,0,1,0,3,1,0,0
"Josh Hart","POR","SG",77,215,26,4,1.2e+07,31,61,44,70,56,2,33
"Justise Winslow","POR","PF",78,222,25,6,3902439,10,37,14,69,32,7,12
"Jusuf NurkiÄ","POR","C",83,290,27,7,1.2e+07,15,306,185,619,157,34,143
"Keljin Blevins","POR","SF",76,200,26,1,0,21,13,6,45,19,1,17
"Keon Johnson","POR","SG",77,186,19,0,2553240,31,48,25,60,63,10,39
"Kris Dunn","POR","PG",75,205,27,5,312079,1,43,17,49,79,3,32
"Nassir Little","POR","SF",77,220,21,2,2316240,51,94,69,236,54,36,40
"Trendon Watford","POR","SF",81,240,21,0,436482,9,133,71,199,81,28,44
"Aaron Wiggins","OKC","SG",78,200,23,0,1e+06,42,114,62,178,68,10,54
"Aleksej Pokusevski","OKC","PF",84,190,20,1,3113160,57,129,35,318,131,38,94
"Darius Bazley","OKC","PF",80,208,21,2,2513040,80,194,117,436,97,70,90
"Derrick Favors","OKC","C",81,265,30,11,9720900,2,92,16,184,25,12,9
"Gabriel Deck","OKC","PF",80,232,26,1,1690507,2,6,0,6,5,0,2
"Isaiah Roby","OKC","PF",80,230,23,2,1782621,44,122,78,217,71,34,43
"Jaylen Hoard","OKC","SF",80,216,22,2,191860,9,35,6,84,17,5,8
"Jeremiah Robinson-Earl","OKC","C",81,230,21,0,2e+06,58,76,40,274,49,15,39
"Josh Giddey","OKC","SF",80,210,19,0,5988000,56,225,56,421,345,20,171
"Kenrich Williams","OKC","SF",78,210,27,3,2e+06,41,105,30,220,108,10,46
"Luguentz Dort","OKC","SG",75,215,22,2,1782621,130,163,161,212,88,18,88
"Mamadi Diakite","OKC","PF",81,228,25,1,1040234,0,25,6,59,2,9,7
"Melvin Frazier","OKC","SG",77,215,25,2,0,1,12,5,13,1,0,3
"Mike Muscala","OKC","C",82,240,30,8,3500000,70,43,48,129,22,26,14
"Olivier Sarr","OKC","C",84,237,22,0,106352,13,45,24,93,19,15,22
"Paul Watson","OKC","SF",78,210,27,2,0,6,6,1,27,8,3,4
"Rob Edwards","OKC","SG",77,205,25,0,53176,1,0,0,3,0,0,1
"Scotty Hopson","OKC","SG",79,204,32,2,99380,0,2,0,1,1,0,2
"Shai Gilgeous-Alexander","OKC","PG",78,180,23,3,5495532,89,388,328,278,331,46,154
"ThÃ©o Maledon","OKC","PG",76,175,20,1,2e+06,44,75,79,131,111,11,65
"Tre Mann","OKC","PG",75,178,20,0,2901240,98,133,65,171,91,12,71
"Ty Jerome","OKC","SG",77,195,24,2,2412840,54,70,38,78,109,5,37
"Vit Krejci","OKC","SG",80,195,21,0,925258,32,36,19,101,57,8,29
"Zavier Simpson","OKC","PG",72,190,24,0,53176,1,18,5,21,30,4,10
"Alperen ÅengÃ¼n","HOU","C",81,235,19,0,3214680,29,220,165,393,185,68,145
"Bruno Fernando","HOU","C",81,240,23,2,1782621,0,29,11,40,3,8,9
"Christian Wood","HOU","C",82,214,26,5,13666667,131,309,207,686,155,65,126
"Daishen Nix","HOU","SG",77,224,19,0,612000,7,20,16,33,40,0,26
"David Nwaba","HOU","SF",77,219,29,5,4650000,15,70,48,151,35,20,21
"Dennis SchrÃ¶der","HOU","PG",75,172,28,8,5890000,19,36,34,50,88,3,39
"Eric Gordon","HOU","SG",75,215,33,13,18218818,124,144,105,113,154,18,107
"Garrison Mathews","HOU","SG",77,215,25,2,2e+06,139,45,143,190,64,24,41
"Jae'Sean Tate","HOU","PF",76,230,26,1,1517981,63,300,130,420,222,41,139
"Jalen Green","HOU","SG",76,178,19,0,8992200,157,249,188,226,176,18,135
"Josh Christopher","HOU","SG",77,215,20,0,2259240,56,168,83,186,150,13,114
"Trevelin Queen","HOU","SG",78,190,24,0,0,9,6,4,16,4,1,7
"Usman Garuba","HOU","PF",80,220,19,0,2353320,5,14,5,83,17,11,6
